139,147,86,13013.156
122,135,119,13015.989
98,153,129,13018.069
110,127,91,13018.243
143,177,110,13018.876
123,135,95,13021.436
114,115,114,13013.561
125,139,104,13017.482
126,133,123,13020.179
132,149,89,13013.834
97,136,110,13020.605
105,121,109,13017.449
114,153,93,13018.630
114,132,88,13019.384
117,110,94,13019.579
116,112,103,13015.996
115,141,136,13015.197
130,161,174,13013.744
124,130,114,13018.138
138,151,102,13019.068
108,115,100,13017.659
102,199,105,13014.532
118,167,89,13013.543
118,128,108,13018.894
122,125,83,13020.019
102,134,137,13017.600
111,139,79,13019.224
108,132,125,13014.735
119,132,91,13017.930
112,125,100,13020.202
103,129,84,13017.380
111,136,86,13017.740
139,133,120,13015.734
114,141,80,13017.349
101,128,81,13018.513
111,116,105,13015.359
126,126,108,13021.317
106,140,101,13014.792
108,115,119,13014.355
104,106,107,13020.313
227,348,121,13017.937
178,292,125,13018.109
129,177,127,13019.087
128,136,99,13017.835
106,135,102,13018.182
114,128,96,13016.733
117,117,85,13022.581
114,116,98,13019.431
6734,1939,3593,13066.233
3274,483,1197,13094.598
3269,448,1111,13090.518
4452,1110,1920,13104.687
4327,971,1406,13109.013
4277,911,1360,13089.781
5736,1832,2303,13152.417
5327,1637,2139,13179.375
5210,1657,2146,13158.738
5215,1615,2186,13117.904
4078,941,1386,13113.866
4117,922,1373,13115.939
4045,895,1380,13080.221
3028,459,1105,13061.276
2985,393,1145,13069.725
2941,382,1099,13056.088
2963,420,1114,13069.606
2967,417,1078,13047.779
2957,420,1128,13073.907
3029,444,1124,13072.845
3032,401,1128,13071.432
3039,427,1089,13073.685
3028,424,1112,13068.170
2983,431,1103,13043.437
4625,1459,1485,13124.299
4220,949,1416,13135.648
4159,925,1416,13085.991
4123,896,1386,13095.441
4177,933,1367,13108.312
4108,872,1376,13110.193
4160,926,1403,13100.726
4153,928,1420,13107.842
4180,964,1435,13105.839
4136,907,1407,13108.129
4172,894,1466,13107.487
4149,984,1443,13108.339
4158,868,1400,13078.505
3023,428,1151,13079.662
3043,421,1125,13075.755
2624,527,961,13028.234
1876,419,719,13028.233
1975,434,715,13031.136
1950,426,741,13025.146
1909,434,716,13032.231
1940,408,748,13068.498
1998,402,750,13039.333
1967,430,767,13030.824
3419,439,1121,13033.679
3436,623,1491,13074.934
3110,445,1127,13077.224
3661,847,1621,13097.047
4521,1055,1680,13108.016
4233,934,1417,13138.571
5622,2215,2085,13145.564
5603,1829,2295,13173.110
5405,1582,2200,13200.454
5397,1666,2175,13189.584
4462,968,1575,13124.145
4148,899,1409,13111.589
4229,922,1406,13128.026
3014,453,1164,13074.882
3045,439,1107,13053.047
2996,457,1082,13082.433
2971,434,1135,13055.635
3034,418,1106,13087.359
2967,429,1140,13081.483
3009,443,1128,13058.050
3041,460,1096,13074.041
3005,433,1143,13071.946
2982,463,1139,13067.968
3083,446,1137,13072.903
4255,1165,1917,13085.658
4270,924,1698,13119.336
4257,919,1386,13117.272
4241,899,1393,13136.302
4226,902,1393,13120.137
4197,897,1419,13119.346
4221,938,1411,13105.543
4267,892,1407,13114.745
4248,896,1394,13100.231
3080,460,1140,13058.241
3041,436,1122,13051.277
4364,1208,1886,13092.498
4235,903,1407,13126.092
4253,916,1470,13135.197
5568,1748,2377,13145.435
5462,1679,2208,13223.920
5425,1670,2194,13180.912
5410,1670,2171,13202.236
5359,1622,2203,13180.235
5429,1662,2165,13189.687
5406,2932,4836,13142.728
1282,471,840,13021.110
151,120,146,13015.867
98,135,114,13018.265
101,114,102,13016.434
121,127,104,13019.207
106,128,118,13016.928
104,112,145,13018.583
132,128,87,13018.836
131,126,104,13019.391
108,130,124,13019.474
101,120,86,13018.285
124,116,97,13019.342
92,133,102,13015.023
114,134,90,13020.033
130,134,145,13016.629
82,123,91,13018.278
116,114,174,13020.872
97,128,89,13015.750
113,135,107,13017.780
112,124,91,13016.418
121,137,94,13017.012
121,132,124,13018.834
99,162,95,13015.647
130,137,132,13018.261
94,113,104,13019.280
117,148,121,13018.318
95,149,102,13013.698
117,145,104,13015.463
156,166,158,13021.247
149,178,104,13017.964
119,121,113,13020.108
99,129,146,13015.640
137,122,105,13017.635
133,123,102,13018.873
125,136,100,13017.564
112,136,101,13020.238
